{
    "TestGene": {
        "truncatedExpression": {
            "min": 0,
            "max": 1.3921,
            "expression": [0, 0, 0, 1.3921, null, null, 0, 1.2, 1.04756, 0, 0, 0, null, null, null, 1.234, 1.0643, 0, 1, 0, 0, 0, 0, null, 0, 0, 0, 0, 0, 0]
        },
        "rawExpression": {
            "mean": 0.13100942332004278,
            "stdev": 0.7468696130157771,
            "expression": [0, 3.4566355, 0, 5.3921, null, null, 0, 4.258649, 1.04756, 0, 0, 0, null, null, null, 1.234, 0, 2.4553445453534, 1, 0, 0, 0, 0, null, 0, 0, 0, 0, 0, 0]
        },
        "zScore": [0, -4.45774563453, 0, -5.667675675, null, null, 1.234535, 4.258649, -1.04756, 0, 0, 0, null, null, null, 1.234, 0, -2.56676444, 1, 0, 0, 0, 0, null, 0, 0, 0, 0, 0, 0]
    }
}