{
  "FAKEGENE": {
    "truncatedExpression": {
      "min": 0,
      "max": 2.4571,
      "expression": [
        1.5742,
        0,
        0,
        0,
        0,
        0,
        2.4517,
        0,
        0,
        0,
        0,
        0,
        0,
        0,
        0,
        0,
        0,
        0,
        0,
        1.1065,
        1.6399,
        0,
        0,
        0,
        0,
        0,
        0,
        0,
        null,
        0
      ]
    },
    "rawExpression": {
      "mean": 0.3777765340853836,
      "stdev": 0.8450169869072389,
      "expression": [
        1.5742,
        0,
        0,
        0,
        0,
        0,
        2.4517,
        0,
        0,
        0,
        0,
        0,
        0,
        0,
        0,
        0,
        0,
        0,
        0,
        1.1065,
        1.6399,
        0,
        0,
        0,
        0,
        0,
        0,
        0,
        null,
        0
      ]
    },
    "zScore": [
      1.415857295713693,
      -0.44706383414615747,
      -0.44706383414615747,
      -0.44706383414615747,
      -0.44706383414615747,
      -0.44706383414615747,
      2.454297958559595,
      -0.44706383414615747,
      -0.44706383414615747,
      -0.44706383414615747,
      -0.44706383414615747,
      -0.44706383414615747,
      -0.44706383414615747,
      -0.44706383414615747,
      -0.44706383414615747,
      -0.44706383414615747,
      -0.44706383414615747,
      -0.44706383414615747,
      -0.44706383414615747,
      0.8623772979780482,
      1.493607212008822,
      -0.44706383414615747,
      -0.44706383414615747,
      -0.44706383414615747,
      -0.44706383414615747,
      -0.44706383414615747,
      -0.44706383414615747,
      -0.44706383414615747,
      null,
      -0.44706383414615747
    ]
  }
}