{"PC":[1,2,3,4,5,6,7,8,9,10,11,12,13,14,15,16,17,18,19,20,21,22,23,24,25,26,27,28,29,30,31,32,33,34,35,36,37,38,39,40,41,42,43,44,45,46,47,48,49,50],"percentVariance":[0.0695912662233713,0.0464235963048139,0.0409943294487813,0.0401269234549365,0.026034567971635,0.0222276879303816,0.0215141081950021,0.0203866847788484,0.0194361045684111,0.0188710842385607,0.0183440112280242,0.0182317232321607,0.0179837585001603,0.017882867022623,0.0177908259900759,0.0176621482595031,0.0176170586728534,0.0174555880849617,0.0174180432846133,0.0173512013340646,0.017260579355901,0.0171797268225471,0.017103435487742,0.0170405432135146,0.0169365391042983,0.0169290719676287,0.01687049739597,0.0168331069010516,0.0167849937299379,0.0167707377515886,0.0167222909834068,0.0166360384033748,0.0165978110924039,0.0165756885803951,0.0165443774624861,0.0164812140708958,0.0164573941892336,0.0164319809163447,0.0163884779595168,0.0163647208511092,0.0163081952112513,0.016301594442556,0.0162582683913705,0.0161894672132257,0.0161749043236022,0.0161602173615978,0.0161414499083575,0.0161041148570463,0.0160692972009101,0.0160396861269541]}